{
    "base_lr": 7.050431529830662e-06,
    "weight_decay": 4.3258869366193873e-07,
    "max_lr": 3.3704259409222945e-05,
    "step_up_size": 149,
    "batch_size": 16,
    "dropout_rate": 0.10,
    "filter_size": 7,
    "num_conv_layers": 6,
    "first_layer_filters": 128
}